{
	"Selectionmodel": [{
			"key": 0,
			"text": "Germany",
			"Year": "10/01/2020",
			"City": "Berlin",
			"Tropical Climate": "20C",
			"CountyCode": "DE",
			"SupplierName": "Very Best Screens",
			"WeightMeasure": 4.2,
			"WeightUnit": "KG",
			"Description": "Notebook Basic 15 with 2,80 GHz quad core, 15\" LCD, 4 GB DDR3 RAM, 500 GB Hard Disc, Windows 8 Pro",
			"Name": "Notebook Basic 15",
			"DateOfSale": "2017-03-26",
			"details": [{

				"systemNumber": "Germany",
				"ThechnicalId": "A025",
				"program": "VC_T090L01",
				"CreatedBy": "SAP",
				"ChangedOn": "29.08.2019",
				"changedBy": "908231"
			}, {
				"systemNumber": "Germany",
				"ThechnicalId": "RCOPCA02",
				"program": "RCOPCA02",
				"CreatedBy": "SAP",
				"ChangedOn": "12.10.2018",
				"changedBy": "838424"
			}, {
				"systemNumber": "Germany",
				"ThechnicalId": "RFBILA00",
				"program": "RFBILA00",
				"CreatedBy": "SAP",
				"ChangedOn": "13.08.2018",
				"changedBy": "838424"
			}, {
				"systemNumber": "Germany",
				"ThechnicalId": "Z901",
				"program": "ZFIOM91",
				"CreatedBy": "DJOD",
				"ChangedOn": "19.07.2016",
				"changedBy": "908231"
			}, {
				"systemNumber": "Germany",
				"ThechnicalId": "TSDE4321O",
				"program": "Not Found",
				"CreatedBy": "SAP",
				"ChangedOn": "13.08.2018",
				"changedBy": "90885"
			}]
		},

		{
			"key": 1,
			"text": "Austria",
			"Year": "10/01/2020",
			"City": "Viena",
			"Tropical Climate": "20C",
			"CountyCode": "A8",
			"SupplierName": "Very Best Screens",
			"WeightMeasure": 4.5,
			"WeightUnit": "KG",
			"Description": "Notebook Basic 17 with 2,80 GHz quad core, 17\" LCD, 4 GB DDR3 RAM, 500 GB Hard Disc, Windows 8 Pro",
			"Name": "Notebook Basic 17",
			"DateOfSale": "2017-04-17",
			"details": [{

				"systemNumber": "Austria",
				"ThechnicalId": "SWWERT",
				"program": "DX_OI90K",
				"CreatedBy": "SAP",
				"ChangedOn": "29.08.2019",
				"changedBy": "908231"
			}, {
				"systemNumber": "Austria",
				"ThechnicalId": "AXZZNKO",
				"program": "23EDDXBNJ",
				"CreatedBy": "SAP",
				"ChangedOn": "12.10.2018",
				"changedBy": "838424"
			}, {
				"systemNumber": "Austria",
				"ThechnicalId": "RCOPCA02",
				"program": "RCOPCA02",
				"CreatedBy": "SAP",
				"ChangedOn": "12.10.2018",
				"changedBy": "838424"
			}, {
				"systemNumber": "Austria",
				"ThechnicalId": "RFBILA00",
				"program": "RFBILA00",
				"CreatedBy": "SAP",
				"ChangedOn": "13.08.2018",
				"changedBy": "838424"
			}, {
				"systemNumber": "Austria",
				"ThechnicalId": "Z901",
				"program": "Not Found",
				"CreatedBy": "DJOD",
				"ChangedOn": "19.07.2016",
				"changedBy": "908231"
			}]
		}, {
			"key": 2,
			"text": "France",
			"Year": "10/01/2020",
			"City": "Paris",
			"Tropical Climate": "20C",
			"CountyCode": "FR",
			"SupplierName": "Very Best Screens",
		"WeightMeasure": 4.2,
		"WeightUnit": "KG",
		"Description": "Notebook Basic 18 with 2,80 GHz quad core, 18\" LCD, 8 GB DDR3 RAM, 1000 GB Hard Disc, Windows 8 Pro",
		"Name": "Notebook Basic 18",
		"DateOfSale": "2017-01-07",
			"details": [{

				"systemNumber": "France",
				"ThechnicalId": "RABENKl78ST_ALV01",
				"program": "RABEST_ALV01",
				"CreatedBy": "SAP",
				"ChangedOn": "12.10.2018",
				"changedBy": "811984"
			}, {
				"systemNumber": "France",
				"ThechnicalId": "RART443GIIT_ALV01",
				"program": "RAGIIT_ALV01",
				"CreatedBy": "SAP",
				"ChangedOn": "18.07.2019",
				"changedBy": "811810"
			}]
		}, {
			"key": 3,
			"text": "United Arab Emirates",
			"Year": "10/01/2020",
			"City": "AbuDhabi",
			"Tropical Climate": "20C",
			"CountyCode": "AE",
			"SupplierName": "Smartcards",
		"WeightMeasure": 4.2,
		"WeightUnit": "KG",
		"Description": "Notebook Basic 19 with 2,80 GHz quad core, 19\" LCD, 8 GB DDR3 RAM, 1000 GB Hard Disc, Windows 8 Pro",
		"Name": "Notebook Basic 19",
		"DateOfSale": "2017-04-09",
			"details": [{

				"systemNumber": "United Arab Emirates",
				"ThechnicalId": "JSBATUIOT_ASE06",
				"program": "RABEST_ALV01",
				"CreatedBy": "SAP",
				"ChangedOn": "12.10.2018",
				"changedBy": "811984"
			}, {
				"systemNumber": "United Arab Emirates",
				"ThechnicalId": "RAGIIQWET_ALV01",
				"program": "FGTY_ASD6",
				"CreatedBy": "SAP",
				"ChangedOn": "18.07.2017",
				"changedBy": "333789"
			}]
		}
	]
}