{
	"ProductCollection": [
		{
			"ProductId": "HT-1000",
			"Category": "Laptops",
			"MainCategory": "Computer Systems",
			"TaxTarifCode": "1",
			"SupplierName": "Very Best Screens",
			"WeightMeasure": 4.2,
			"WeightUnit": "KG",
			"Description": "Notebook Basic 15 with 2,80 GHz quad core, 15\" LCD, 4 GB DDR3 RAM, 500 GB Hard Disc, Windows 8 Pro",
			"Name": "Notebook Basic 15",
			"ReleaseDate": "2020-03-26",
			"ProductPicUrl": "test-resources/sap/ui/documentation/sdk/images/HT-1000.jpg",
			"Status": "Available",
			"Quantity": 10,
			"UoM": "PC",
			"CurrencyCode": "EUR",
			"Price": 956,
			"Width": 30,
			"Depth": 18,
			"Height": 3,
			"DimUnit": "cm"
		},
		{
			"ProductId": "HT-1001",
			"Category": "Laptops",
			"MainCategory": "Computer Systems",
			"TaxTarifCode": "1",
			"SupplierName": "Very Best Screens",
			"WeightMeasure": 4.5,
			"WeightUnit": "KG",
			"Description": "Notebook Basic 17 with 2,80 GHz quad core, 17\" LCD, 4 GB DDR3 RAM, 500 GB Hard Disc, Windows 8 Pro",
			"Name": "Notebook Basic 17",
			"ReleaseDate": "2020-04-17",
			"ProductPicUrl": "test-resources/sap/ui/documentation/sdk/images/HT-1001.jpg",
			"Status": "Available",
			"Quantity": 20,
			"UoM": "PC",
			"CurrencyCode": "EUR",
			"Price": 1249,
			"Width": 29,
			"Depth": 17,
			"Height": 3.1,
			"DimUnit": "cm"
		},
		{
			"ProductId": "HT-1002",
			"Category": "Laptops",
			"MainCategory": "Computer Systems",
			"TaxTarifCode": "1",
			"SupplierName": "Very Best Screens",
			"WeightMeasure": 4.2,
			"WeightUnit": "KG",
			"Description": "Notebook Basic 18 with 2,80 GHz quad core, 18\" LCD, 8 GB DDR3 RAM, 1000 GB Hard Disc, Windows 8 Pro",
			"Name": "Notebook Basic 18",
			"ReleaseDate": "2020-01-07",
			"ProductPicUrl": "test-resources/sap/ui/documentation/sdk/images/HT-1002.jpg",
			"Status": "Available",
			"Quantity": 10,
			"UoM": "PC",
			"CurrencyCode": "EUR",
			"Price": 1570,
			"Width": 28,
			"Depth": 19,
			"Height": 2.5,
			"DimUnit": "cm"
		},
		{
			"ProductId": "HT-1003",
			"Category": "Laptops",
			"MainCategory": "Computer Systems",
			"TaxTarifCode": "1",
			"SupplierName": "Smartcards",
			"WeightMeasure": 4.2,
			"WeightUnit": "KG",
			"Description": "Notebook Basic 19 with 2,80 GHz quad core, 19\" LCD, 8 GB DDR3 RAM, 1000 GB Hard Disc, Windows 8 Pro",
			"Name": "Notebook Basic 19",
			"ReleaseDate": "2020-04-09",
			"ProductPicUrl": "test-resources/sap/ui/documentation/sdk/images/HT-1003.jpg",
			"Status": "Available",
			"Quantity": 15,
			"UoM": "PC",
			"CurrencyCode": "EUR",
			"Price": 1650,
			"Width": 32,
			"Depth": 21,
			"Height": 4,
			"DimUnit": "cm"
		},
		{
			"ProductId": "HT-1007",
			"Category": "Accessories",
			"MainCategory": "Computer Components",
			"TaxTarifCode": "1",
			"SupplierName": "Technocom",
			"WeightMeasure": 0.2,
			"WeightUnit": "KG",
			"Description": "Digital Organizer with State-of-the-Art Storage Encryption",
			"Name": "ITelO Vault",
			"ReleaseDate": "2020-05-17",
			"ProductPicUrl": "test-resources/sap/ui/documentation/sdk/images/HT-1007.jpg",
			"Status": "Available",
			"Quantity": 15,
			"UoM": "PC",
			"CurrencyCode": "EUR",
			"Price": 299,
			"Width": 32,
			"Depth": 22,
			"Height": 3,
			"DimUnit": "cm"
		},
		{
			"ProductId": "HT-1010",
			"Category": "Accessories",
			"MainCategory": "Computer Systems",
			"TaxTarifCode": "1",
			"SupplierName": "Very Best Screens",
			"WeightMeasure": 4.3,
			"WeightUnit": "KG",
			"Description": "Notebook Professional 15 with 2,80 GHz quad core, 15\" Multitouch LCD, 8 GB DDR3 RAM, 500 GB SSD - DVD-Writer (DVD-R/+R/-RW/-RAM),Windows 8 Pro",
			"Name": "Notebook Professional 15",
			"ReleaseDate": "2020-02-22",
			"ProductPicUrl": "test-resources/sap/ui/documentation/sdk/images/HT-1010.jpg",
			"Status": "Available",
			"Quantity": 16,
			"UoM": "PC",
			"CurrencyCode": "EUR",
			"Price": 1999,
			"Width": 33,
			"Depth": 20,
			"Height": 3,
			"DimUnit": "cm"
		},
		{
			"ProductId": "HT-1011",
			"Category": "Laptops",
			"MainCategory": "Computer Systems",
			"TaxTarifCode": "1",
			"SupplierName": "Very Best Screens",
			"WeightMeasure": 4.1,
			"WeightUnit": "KG",
			"Description": "Notebook Professional 17 with 2,80 GHz quad core, 17\" Multitouch LCD, 8 GB DDR3 RAM, 500 GB SSD - DVD-Writer (DVD-R/+R/-RW/-RAM),Windows 8 Pro",
			"Name": "Notebook Professional 17",
			"ReleaseDate": "2020-01-02",
			"ProductPicUrl": "test-resources/sap/ui/documentation/sdk/images/HT-1011.jpg",
			"Status": "Available",
			"Quantity": 17,
			"UoM": "PC",
			"CurrencyCode": "EUR",
			"Price": 2299,
			"Width": 33,
			"Depth": 23,
			"Height": 2,
			"DimUnit": "cm"
		},
		{
			"ProductId": "HT-1020",
			"Category": "Accessories",
			"MainCategory": "Computer Components",
			"TaxTarifCode": "1",
			"SupplierName": "Technocom",
			"WeightMeasure": 0.16,
			"WeightUnit": "KG",
			"Description": "Digital Organizer with State-of-the-Art Encryption for Storage and Network Communications",
			"Name": "ITelO Vault Net",
			"ReleaseDate": "2020-05-08",
			"ProductPicUrl": "test-resources/sap/ui/documentation/sdk/images/HT-1020.jpg",
			"Status": "Available",
			"Quantity": 14,
			"UoM": "PC",
			"CurrencyCode": "EUR",
			"Price": 459,
			"Width": 10,
			"Depth": 1.8,
			"Height": 17,
			"DimUnit": "cm"
		},
		{
			"ProductId": "HT-1021",
			"Category": "Accessories",
			"MainCategory": "Computer Components",
			"TaxTarifCode": "1",
			"SupplierName": "Technocom",
			"WeightMeasure": 0.18,
			"WeightUnit": "KG",
			"Description": "Digital Organizer with State-of-the-Art Encryption for Storage and Secure Stellite Link",
			"Name": "ITelO Vault SAT",
			"ReleaseDate": "2020-06-30",
			"ProductPicUrl": "test-resources/sap/ui/documentation/sdk/images/HT-1021.jpg",
			"Status": "Available",
			"Quantity": 50,
			"UoM": "PC",
			"CurrencyCode": "EUR",
			"Price": 149,
			"Width": 11,
			"Depth": 1.7,
			"Height": 18,
			"DimUnit": "cm"
		},
		{
			"ProductId": "HT-1022",
			"Category": "Accessories",
			"MainCategory": "Computer Components",
			"TaxTarifCode": "1",
			"SupplierName": "Technocom",
			"WeightMeasure": 0.2,
			"WeightUnit": "KG",
			"Description": "32 GB Digital Assistant with high-resolution color screen",
			"Name": "Comfort Easy",
			"ReleaseDate": "2020-03-02",
			"ProductPicUrl": "test-resources/sap/ui/documentation/sdk/images/HT-1022.jpg",
			"Status": "Available",
			"Quantity": 30,
			"UoM": "PC",
			"CurrencyCode": "EUR",
			"Price": 1679,
			"Width": 84,
			"Depth": 1.5,
			"Height": 14,
			"DimUnit": "cm"
		},
		{
			"ProductId": "HT-1023",
			"Category": "Accessories",
			"MainCategory": "Computer Components",
			"TaxTarifCode": "1",
			"SupplierName": "Technocom",
			"WeightMeasure": 0.8,
			"WeightUnit": "KG",
			"Description": "64 GB Digital Assistant with high-resolution color screen and synthesized voice output",
			"Name": "Comfort Senior",
			"ReleaseDate": "2020-02-25",
			"ProductPicUrl": "test-resources/sap/ui/documentation/sdk/images/HT-1023.jpg",
			"Status": "Available",
			"Quantity": 24,
			"UoM": "PC",
			"CurrencyCode": "EUR",
			"Price": 512,
			"Width": 80,
			"Depth": 1.6,
			"Height": 13,
			"DimUnit": "cm"
		},
		{
			"ProductId": "HT-1030",
			"Category": "Flat Screen Monitors",
			"MainCategory": "Computer Components",
			"TaxTarifCode": "1",
			"SupplierName": "Very Best Screens",
			"WeightMeasure": 21,
			"WeightUnit": "KG",
			"Description": "Optimum Hi-Resolution max. 1920 x 1080 @ 85Hz, Dot Pitch: 0.27mm",
			"Name": "Ergo Screen E-I",
			"ReleaseDate": "2020-05-26",
			"ProductPicUrl": "test-resources/sap/ui/documentation/sdk/images/HT-1030.jpg",
			"Status": "Available",
			"Quantity": 14,
			"UoM": "PC",
			"CurrencyCode": "EUR",
			"Price": 230,
			"Width": 37,
			"Depth": 12,
			"Height": 36,
			"DimUnit": "cm"
		},
		{
			"ProductId": "HT-1031",
			"Category": "Flat Screen Monitors",
			"MainCategory": "Computer Components",
			"TaxTarifCode": "1",
			"SupplierName": "Very Best Screens",
			"WeightMeasure": 21,
			"WeightUnit": "KG",
			"Description": "Optimum Hi-Resolution max. 1920 x 1200 @ 85Hz, Dot Pitch: 0.26mm",
			"Name": "Ergo Screen E-II",
			"ReleaseDate": "2020-08-26",
			"ProductPicUrl": "test-resources/sap/ui/documentation/sdk/images/HT-1031.jpg",
			"Status": "Available",
			"Quantity": 24,
			"UoM": "PC",
			"CurrencyCode": "EUR",
			"Price": 285,
			"Width": 40.8,
			"Depth": 19,
			"Height": 43,
			"DimUnit": "cm"
		},
		{
			"ProductId": "HT-1032",
			"Category": "Flat Screen Monitors",
			"MainCategory": "Computer Components",
			"TaxTarifCode": "1",
			"SupplierName": "Very Best Screens",
			"WeightMeasure": 21,
			"WeightUnit": "KG",
			"Description": "Optimum Hi-Resolution max. 2560 x 1440 @ 85Hz, Dot Pitch: 0.25mm",
			"Name": "Ergo Screen E-III",
			"ReleaseDate": "2020-04-30",
			"ProductPicUrl": "test-resources/sap/ui/documentation/sdk/images/HT-1032.jpg",
			"Status": "Available",
			"Quantity": 50,
			"UoM": "PC",
			"CurrencyCode": "EUR",
			"Price": 345,
			"Width": 40.8,
			"Depth": 19,
			"Height": 43,
			"DimUnit": "cm"
		},
		{
			"ProductId": "HT-1035",
			"Category": "Flat Screen Monitors",
			"MainCategory": "Computer Components",
			"TaxTarifCode": "1",
			"SupplierName": "Very Best Screens",
			"WeightMeasure": 14,
			"WeightUnit": "KG",
			"Description": "Optimum Hi-Resolution max. 1600 x 1200 @ 85Hz, Dot Pitch: 0.24mm",
			"Name": "Flat Basic",
			"ReleaseDate": "2020-03-16",
			"ProductPicUrl": "test-resources/sap/ui/documentation/sdk/images/HT-1035.jpg",
			"Status": "Available",
			"Quantity": 23,
			"UoM": "PC",
			"CurrencyCode": "EUR",
			"Price": 399,
			"Width": 39,
			"Depth": 20,
			"Height": 41,
			"DimUnit": "cm"
		},
		{
			"ProductId": "HT-1036",
			"Category": "Flat Screen Monitors",
			"MainCategory": "Computer Components",
			"TaxTarifCode": "1",
			"SupplierName": "Very Best Screens",
			"WeightMeasure": 15,
			"WeightUnit": "KG",
			"Description": "Optimum Hi-Resolution max. 2048 x 1080 @ 85Hz, Dot Pitch: 0.26mm",
			"Name": "Flat Future",
			"ReleaseDate": "2020-09-26",
			"ProductPicUrl": "test-resources/sap/ui/documentation/sdk/images/HT-1036.jpg",
			"Status": "Available",
			"Quantity": 22,
			"UoM": "PC",
			"CurrencyCode": "EUR",
			"Price": 430,
			"Width": 45,
			"Depth": 26,
			"Height": 46,
			"DimUnit": "cm"
		},
		{
			"ProductId": "HT-1037",
			"Category": "Flat Screen Monitors",
			"MainCategory": "Computer Components",
			"TaxTarifCode": "1",
			"SupplierName": "Very Best Screens",
			"WeightMeasure": 17,
			"WeightUnit": "KG",
			"Description": "Optimum Hi-Resolution max. 2016 x 1512 @ 85Hz, Dot Pitch: 0.24mm",
			"Name": "Flat XL",
			"ReleaseDate": "2020-10-26",
			"ProductPicUrl": "test-resources/sap/ui/documentation/sdk/images/HT-1037.jpg",
			"Status": "Available",
			"Quantity": 23,
			"UoM": "PC",
			"CurrencyCode": "EUR",
			"Price": 1230,
			"Width": 54.5,
			"Depth": 22.1,
			"Height": 39.1,
			"DimUnit": "cm"
		},
		{
			"ProductId": "HT-1040",
			"Category": "Printers",
			"MainCategory": "Printers & Scanners",
			"TaxTarifCode": "1",
			"SupplierName": "Alpha Printers",
			"WeightMeasure": 32,
			"WeightUnit": "KG",
			"Description": "Print 2400 dpi image quality color documents at speeds of up to 32 ppm (color) or 36 ppm (monochrome), letter/A4. Powerful 500 MHz processor, 512MB of memory",
			"Name": "Laser Professional Eco",
			"ReleaseDate": "2020-07-16",
			"ProductPicUrl": "test-resources/sap/ui/documentation/sdk/images/HT-1040.jpg",
			"Status": "Available",
			"Quantity": 21,
			"UoM": "PC",
			"CurrencyCode": "EUR",
			"Price": 830,
			"Width": 51,
			"Depth": 46,
			"Height": 30,
			"DimUnit": "cm"
		},
		{
			"ProductId": "HT-1041",
			"Category": "Printers",
			"MainCategory": "Printers & Scanners",
			"TaxTarifCode": "1",
			"SupplierName": "Alpha Printers",
			"WeightMeasure": 23,
			"WeightUnit": "KG",
			"Description": "Up to 22 ppm color or 24 ppm monochrome A4/letter, powerful 500 MHz processor and 128MB of memory",
			"Name": "Laser Basic",
			"ReleaseDate": "2020-08-29",
			"ProductPicUrl": "test-resources/sap/ui/documentation/sdk/images/HT-1041.jpg",
			"Status": "Available",
			"Quantity": 8,
			"UoM": "PC",
			"CurrencyCode": "EUR",
			"Price": 490,
			"Width": 48,
			"Depth": 42,
			"Height": 26,
			"DimUnit": "cm"
		},
		{
			"ProductId": "HT-1042",
			"Category": "Printers",
			"MainCategory": "Printers & Scanners",
			"TaxTarifCode": "1",
			"SupplierName": "Alpha Printers",
			"WeightMeasure": 17,
			"WeightUnit": "KG",
			"Description": "Print up to 25 ppm letter and 24 ppm A4 color or monochrome, with Available first-page-out-time of less than 13 seconds for monochrome and less than 15 seconds for color",
			"Name": "Laser Allround",
			"ReleaseDate": "2020-02-26",
			"ProductPicUrl": "test-resources/sap/ui/documentation/sdk/images/HT-1042.jpg",
			"Status": "Available",
			"Quantity": 9,
			"UoM": "PC",
			"CurrencyCode": "EUR",
			"Price": 349,
			"Width": 53,
			"Depth": 50,
			"Height": 65,
			"DimUnit": "cm"
		},
		{
			"ProductId": "HT-1050",
			"Category": "Printers",
			"MainCategory": "Printers & Scanners",
			"TaxTarifCode": "1",
			"SupplierName": "Alpha Printers",
			"WeightMeasure": 3,
			"WeightUnit": "KG",
			"Description": "4800 dpi x 1200 dpi - up to 35 ppm (mono) / up to 34 ppm (color) - capacity: 250 sheets - Hi-Speed USB, Ethernet",
			"Name": "Ultra Jet Super Color",
			"ReleaseDate": "2020-08-22",
			"ProductPicUrl": "test-resources/sap/ui/documentation/sdk/images/HT-1050.jpg",
			"Status": "Available",
			"Quantity": 17,
			"UoM": "PC",
			"CurrencyCode": "EUR",
			"Price": 139,
			"Width": 41,
			"Depth": 41,
			"Height": 28,
			"DimUnit": "cm"
		},
		{
			"ProductId": "HT-1051",
			"Category": "Printers",
			"MainCategory": "Printers & Scanners",
			"TaxTarifCode": "1",
			"SupplierName": "Printer for All",
			"WeightMeasure": 1.9,
			"WeightUnit": "KG",
			"Description": "1000 dpi x 1000 dpi - up to 35 ppm (mono) / up to 34 ppm (color) - capacity: 250 sheets - Hi-Speed USB - excellent dimensions for the small office",
			"Name": "Ultra Jet Mobile",
			"ReleaseDate": "2020-03-05",
			"ProductPicUrl": "test-resources/sap/ui/documentation/sdk/images/HT-1051.jpg",
			"Status": "Available",
			"Quantity": 18,
			"UoM": "PC",
			"CurrencyCode": "EUR",
			"Price": 99,
			"Width": 46,
			"Depth": 32,
			"Height": 25,
			"DimUnit": "cm"
		},
		{
			"ProductId": "HT-1052",
			"Category": "Printers",
			"MainCategory": "Printers & Scanners",
			"TaxTarifCode": "1",
			"SupplierName": "Printer for All",
			"WeightMeasure": 18,
			"WeightUnit": "KG",
			"Description": "4800 dpi x 1200 dpi - up to 35 ppm (mono) / up to 34 ppm (color) - capacity: 250 sheets - Hi-Speed USB2.0, Ethernet",
			"Name": "Ultra Jet Super Highspeed",
			"ReleaseDate": "2020-03-26",
			"ProductPicUrl": "test-resources/sap/ui/documentation/sdk/images/HT-1052.jpg",
			"Status": "Available",
			"Quantity": 25,
			"UoM": "PC",
			"CurrencyCode": "EUR",
			"Price": 170,
			"Width": 41,
			"Depth": 41,
			"Height": 28,
			"DimUnit": "cm"
		},
		{
			"ProductId": "HT-1055",
			"Category": "Multifunction Printers",
			"MainCategory": "Printers & Scanners",
			"TaxTarifCode": "1",
			"SupplierName": "Printer for All",
			"WeightMeasure": 6.3,
			"WeightUnit": "KG",
			"Description": "1000 dpi x 1000 dpi - up to 16 ppm (mono) / up to 15 ppm (color)- capacity 80 sheets - scanner (216 x 297 mm, 1200dpi x 2400dpi)",
			"Name": "Multi Print",
			"ReleaseDate": "2020-05-19",
			"ProductPicUrl": "test-resources/sap/ui/documentation/sdk/images/HT-1055.jpg",
			"Status": "Available",
			"Quantity": 16,
			"UoM": "PC",
			"CurrencyCode": "EUR",
			"Price": 99,
			"Width": 55,
			"Depth": 45,
			"Height": 29,
			"DimUnit": "cm"
		},
		{
			"ProductId": "HT-1056",
			"Category": "Multifunction Printers",
			"MainCategory": "Printers & Scanners",
			"TaxTarifCode": "1",
			"SupplierName": "Printer for All",
			"WeightMeasure": 4.3,
			"WeightUnit": "KG",
			"Description": "1200 dpi x 1200 dpi - up to 25 ppm (mono) / up to 24 ppm (color)- capacity 80 sheets - scanner (216 x 297 mm, 2400dpi x 4800dpi, high resolution)",
			"Name": "Multi Color",
			"ReleaseDate": "2020-05-19",
			"ProductPicUrl": "test-resources/sap/ui/documentation/sdk/images/HT-1056.jpg",
			"Status": "Available",
			"Quantity": 5,
			"UoM": "PC",
			"CurrencyCode": "EUR",
			"Price": 119,
			"Width": 51,
			"Depth": 41.3,
			"Height": 22,
			"DimUnit": "cm"
		},
		{
			"ProductId": "HT-1060",
			"Category": "Mice",
			"MainCategory": "Computer Components",
			"TaxTarifCode": "1",
			"SupplierName": "Oxynum",
			"WeightMeasure": 0.09,
			"WeightUnit": "KG",
			"Description": "Cordless Optical USB Mice, Laptop, Color: Black, Plug&Play",
			"Name": "Cordless Mouse",
			"ReleaseDate": "2020-09-19",
			"ProductPicUrl": "test-resources/sap/ui/documentation/sdk/images/HT-1060.jpg",
			"Status": "Available",
			"Quantity": 25,
			"UoM": "PC",
			"CurrencyCode": "EUR",
			"Price": 9,
			"Width": 6,
			"Depth": 14.5,
			"Height": 3.5,
			"DimUnit": "cm"
		},
		{
			"ProductId": "HT-6101",
			"Category": "Accessories",
			"MainCategory": "TV, Video & HiFi",
			"TaxTarifCode": "1",
			"SupplierName": "Technocom",
			"WeightMeasure": 2,
			"WeightUnit": "KG",
			"Description": "1080p, DLP max.9,34 Meter, 2D-ready",
			"Name": "Beam Breaker B-2",
			"ReleaseDate": "2020-08-19",
			"ProductPicUrl": "test-resources/sap/ui/documentation/sdk/images/HT-6101.jpg",
			"Status": "Available",
			"Quantity": 18,
			"UoM": "PC",
			"CurrencyCode": "EUR",
			"Price": 679,
			"Width": 30.4,
			"Depth": 23.1,
			"Height": 23,
			"DimUnit": "cm"
		},
		{
			"ProductId": "HT-2002",
			"Category": "Accessories",
			"MainCategory": "TV, Video & HiFi",
			"TaxTarifCode": "1",
			"SupplierName": "Technocom",
			"WeightMeasure": 0.72,
			"WeightUnit": "KG",
			"ReleaseDate": "2020-01-19",
			"Description": "9\" LCD Screen, storage holds up to 8 hours, 2 speakers included",
			"Name": "Portable DVD Player with 9\" LCD Monitor",
			"ProductPicUrl": "test-resources/sap/ui/documentation/sdk/images/HT-2002.jpg",
			"Status": "Available",
			"Quantity": 50,
			"UoM": "PC",
			"CurrencyCode": "EUR",
			"Price": 853.99,
			"Width": 21,
			"Depth": 16.5,
			"Height": 14,
			"DimUnit": "cm"
		},
		{
			"ProductId": "HT-6100",
			"Category": "Accessories",
			"MainCategory": "TV, Video & HiFi",
			"TaxTarifCode": "1",
			"SupplierName": "Titanium",
			"WeightMeasure": 1.7,
			"WeightUnit": "KG",
			"Description": "720p, DLP Projector max. 8,45 Meter, 2D",
			"Name": "Beam Breaker B-1",
			"ReleaseDate": "2020-08-19",
			"ProductPicUrl": "test-resources/sap/ui/documentation/sdk/images/HT-6100.jpg",
			"Status": "Available",
			"Quantity": 32,
			"UoM": "PC",
			"CurrencyCode": "EUR",
			"Price": 469,
			"Width": 30.4,
			"Depth": 23.1,
			"Height": 23,
			"DimUnit": "cm"
		},
		{
			"ProductId": "HT-2027",
			"Category": "Accessories",
			"MainCategory": "Computer Systems",
			"TaxTarifCode": "1",
			"SupplierName": "Titanium",
			"WeightMeasure": 0.15,
			"WeightUnit": "KG",
			"ReleaseDate": "2020-05-09",
			"Description": "Removable jewel case labels, zero residues (100)",
			"Name": "Removable CD/DVD Laser Labels",
			"ProductPicUrl": "test-resources/sap/ui/documentation/sdk/images/HT-2027.jpg",
			"Status": "Available",
			"Quantity": 25,
			"UoM": "PC",
			"CurrencyCode": "EUR",
			"Price": 8.99,
			"Width": 5.5,
			"Depth": 2,
			"Height": 2,
			"DimUnit": "cm"
		},
		{
			"ProductId": "HT-2026",
			"Category": "Accessories",
			"MainCategory": "Computer Systems",
			"TaxTarifCode": "1",
			"SupplierName": "Titanium",
			"WeightMeasure": 0.2,
			"WeightUnit": "KG",
			"Description": "Quality cables for notebooks and projectors",
			"Name": "Audio/Video Cable Kit - 4m",
			"ReleaseDate": "2020-06-17",
			"ProductPicUrl": "test-resources/sap/ui/documentation/sdk/images/HT-2026.jpg",
			"Status": "Available",
			"Quantity": 16,
			"UoM": "PC",
			"CurrencyCode": "EUR",
			"Price": 29.99,
			"Width": 21,
			"Depth": 10.2,
			"Height": 13,
			"DimUnit": "cm"
		},
		{
			"ProductId": "HT-2025",
			"Category": "Accessories",
			"MainCategory": "Computer Systems",
			"TaxTarifCode": "1",
			"SupplierName": "Titanium",
			"WeightMeasure": 0.65,
			"WeightUnit": "KG",
			"Description": "Organizer and protective case for 264 CDs and DVDs",
			"Name": "CD/DVD case: 264 sleeves",
			"ProductPicUrl": "test-resources/sap/ui/documentation/sdk/images/HT-2025.jpg",
			"Status": "Available",
			"ReleaseDate": "2020-06-17",
			"Quantity": 26,
			"UoM": "PC",
			"CurrencyCode": "EUR",
			"Price": 44.99,
			"Width": 13,
			"Depth": 13,
			"Height": 20,
			"DimUnit": "cm"
		},
		{
			"ProductId": "HT-1258",
			"Category": "Smartphones and Tablets",
			"MainCategory": "Smartphones & Tablets",
			"TaxTarifCode": "1",
			"SupplierName": "Ultrasonic United",
			"WeightMeasure": 2.5,
			"WeightUnit": "KG",
			"ReleaseDate": "2020-10-27",
			"Description": "8-inch Multitouch HD Screen (2000 x 1500) 32GB Internal Memory, Wireless N Wi-Fi, Bluetooth, GPS Enabled, 1.5 GHz Quad-Core Processor",
			"Name": "Cepat Tablet 8",
			"ProductPicUrl": "test-resources/sap/ui/documentation/sdk/images/HT-1258.jpg",
			"Status": "Available",
			"Quantity": 24,
			"UoM": "PC",
			"CurrencyCode": "EUR",
			"Price": 529,
			"Width": 38,
			"Depth": 21,
			"Height": 3.5,
			"DimUnit": "cm"
		}
	]

}