{
	"collection": [{
		"name": "GOURAB",
		"gender": "male",
		"yob":1995,
		"city": "berhampore",
		"street": "nilmoni lane",
		"country": "india"
	}, {
		"name": "sOURAv",
		"gender": "male",
		"yob":1992,
		"city": "howrah",
		"street": "n.b.lane",
		"country": "india"
	}, {
		"name": "dip",
		"gender": "male",
		"yob":1993,
		"city": "berhampore",
		"street": "newyork lane",
		"country": "india"
	}, {
		"name": "rony",
		"gender": "male",
		"yob":1998,
		"city": "berlin",
		"street": "harish chandra street ",
		"country": "india"
	}]
}